property_type,neighborhood,address,room_num,floor,area,garden_area,days_to_enter,num_of_payments,monthly_arnona,building_tax,total_floors,description,has_parking,has_storage,elevator,ac,handicap,has_bars,has_safe_room,has_balcon,is_furnished,is_renovated,price,num_of_images,distance_from_center
דירה,הגוש הגדול,יחזקאל שטרייכמן 2,5.0,3,118,0,,12,,0,9,"יחזקאל שטרייכמן 2 13,000 ₪ הגוש הגדול, תל אביב יפו 5 חד' | 118 מ""ר | קומה 3 הוסף למועדפים שתף פרטי הנכס דירה אזור תל אביב עיר תל אביב יפו שכונה הגוש הגדול כתובת יחזקאל שטרייכמן 2 חדרים 5 מרפסות 1 קומה 3 מתוך 9 שטח בנוי 118 תשלומים בשנה 12 מה יש בדירה על עמודים מרוהטת מזגן חניה ממ""ד מרפסת נגישות סורגים מעלית מחסן מרפסת שמש משופצת על האזור רחוב יחזקאל שטרייכמן שכונת הגוש הגדול תל אביב יפו למודעות ארכיון שפורסמו באזור מפרטי , לזוג או ליחיד ! 5 חדרים מחולקת ל 3.5 חדרים - לא מתאים למשפחה בניין בוטיק: 3 דיירים בקומה, קומה 3 נוף מהמם - קו ראשון לים מרפסות: 20 מ""ר לכיוון הים + מרפסת שרות של 5 מ""ר 2 ארונות קיר יפים מרחק הליכה קצר לים 2 חניות מקורות, מחסן גדול בנוי 118 מ""ר + מרפסות מתאים לזוג או ליחיד . לטווח ארוך אילן הצגת מספר טלפון תאריך יצירה: 27/06/2024 תאריך הקפצה אחרון: 27/06/2024 מצאתי טעות מקור המודעה:יד2",1,1,1,1,1,0,1,1,0,0,13000.0,6,4826.0
דירה,הגוש הגדול,אמיר גלבוע 9,3.0,6,80,0,,12,,0,11,"אמיר גלבוע 9 10,950 ₪ הגוש הגדול, תל אביב יפו 3 חד' | 80 מ""ר | קומה 6 הוסף למועדפים שתף פרטי הנכס דירה אזור תל אביב עיר תל אביב יפו שכונה הגוש הגדול כתובת אמיר גלבוע 9 חדרים 3 מרפסות 1 קומה 6 מתוך 11 שטח בנוי 80 תשלומים בשנה 12 מה יש בדירה על עמודים מרוהטת מזגן חניה ממ""ד מרפסת נגישות סורגים מעלית מחסן מרפסת שמש משופצת על האזור רחוב אמיר גלבוע שכונת הגוש הגדול תל אביב יפו למודעות ארכיון שפורסמו באזור להשכרה לטווח ארוך ללא תיווך דירת 3 חדרים משודרגת. הדירה בקומה ה6 , כוללת שתי חניות צמודות, מחסן, מטבח מאובזר עם כל מוצרי החשמל (ללא מקרר) ארון ומיטה בחדר ילדים, מיטה זוגית בחדר שינה, מרפסת מרווחת. חדר כושר לדיירים פירוט ריהוט מיטה זוגית בחדר שינה חדר ילדים כולל מיטה וארון מאיה הצגת מספר טלפון תאריך יצירה: 27/06/2024 תאריך הקפצה אחרון: 27/06/2024 מצאתי טעות מקור המודעה:יד2",1,1,1,1,1,0,1,1,1,0,10950.0,8,4761.0
דירה,הגוש הגדול,מרק שאגאל 10,3.0,4,85,0,0,12,600,420,6,"מרק שאגאל 10 10,800 ₪ הגוש הגדול, תל אביב יפו 3 חד' | 85 מ""ר | קומה 4 הוסף למועדפים שתף פרטי הנכס דירה אזור תל אביב עיר תל אביב יפו שכונה הגוש הגדול כתובת מרק שאגאל 10 חדרים 3 מרפסות 1 קומה 4 מתוך 6 שטח בנוי 85 תאריך כניסה מיידית תשלומים בשנה 12 ארנונה בחודש 600 ועד בית בחודש 420 מה יש בדירה על עמודים מרוהטת מזגן חניה ממ""ד מרפסת נגישות סורגים מעלית מחסן מרפסת שמש משופצת על האזור שכונת הגוש הגדול תל אביב יפו למודעות ארכיון שפורסמו באזור ללא תיווך! דירת 3 חדרים יפיפיה, מרווחת ושמורה עם נוף לים. במרחק דקות הליכה מהחוף. 2 חדרי אמבטיה, 2 שירותים, חדר ארונות. ממ""ד מרווח. מטבח מאובזר ושכנים נוחים לזר הצגת מספר טלפון תאריך יצירה: 27/06/2024 תאריך הקפצה אחרון: 27/06/2024 מצאתי טעות מקור המודעה:יד2",1,1,1,1,0,0,1,1,0,1,10800.0,4,4829.0
דירה,הגוש הגדול,ארתור רובינשטיין 8,3.0,5,104,6,,12,,0,10,"ארתור רובינשטיין 8 9,500 ₪ הגוש הגדול, תל אביב יפו 3 חד' | 96 מ""ר | קומה 5 הוסף למועדפים שתף פרטי הנכס דירה אזור תל אביב עיר תל אביב יפו שכונה הגוש הגדול כתובת ארתור רובינשטיין 8 חדרים 3 מרפסות 1 קומה 5 מתוך 10 שטח בנוי 104 שטח גינה 6 תשלומים בשנה 12 מה יש בדירה על עמודים מרוהטת מזגן חניה ממ""ד מרפסת נגישות סורגים מעלית מחסן מרפסת שמש משופצת על האזור רחוב ארתור רובינשטיין שכונת הגוש הגדול תל אביב יפו למודעות ארכיון שפורסמו באזור שכונת נופי ים. דירה 3 חדרים מרווחות 96 מטר מוארת ומושקעת ,מרפסת עם נוף חלקי לים. יחידת הורים גדולה. מיקום מצויין מרחק הליכה מהים. כולל 2 חנויות מקורות נטע הצגת מספר טלפון תאריך יצירה: 27/06/2024 תאריך הקפצה אחרון: 27/06/2024 מצאתי טעות מקור המודעה:יד2",1,0,1,1,1,0,1,1,0,1,9500.0,10,4769.0
דירה,הגוש הגדול,אייזק שטרן 17,4.5,2,125,0,,12,990,575,12,"אייזק שטרן 17 12,000 ₪ הגוש הגדול, תל אביב יפו 4.5 חד' | 125 מ""ר | קומה 2 הוסף למועדפים שתף פרטי הנכס דירה אזור תל אביב עיר תל אביב יפו שכונה הגוש הגדול כתובת אייזק שטרן 17 חדרים 4.5 מרפסות 2 קומה 2 מתוך 12 שטח בנוי 125 תשלומים בשנה 12 ארנונה בחודש 990 ועד בית בחודש 575 מה יש בדירה על עמודים מרוהטת מזגן חניה ממ""ד מרפסת נגישות סורגים מעלית מחסן מרפסת שמש משופצת על האזור שכונת הגוש הגדול תל אביב יפו למודעות ארכיון שפורסמו באזור דירה במצב מצוין, בנין חדיש, מעוצבת מוארת, מרווחת, כולל נוף לים, מעוצבת על ידי אדריכל, 4 חדרים גדולים + 1/2 חדר ארונות/ מזווה + פינת אוכל, 2 חדרי רחצה אמבטיה ומקלחון, 3 שירותים, מרפסת שמש + מרפסת שירות. חניה ומחסן גדול במרתף, לובי מפואר מים חמים גז + חשמל, שני ארונות קיר בחדרים, מטבח יוקרתי כולל כיריים נירוסטה יוקרתיים, מיזוג מיצובישי רשת ליתושים בחלונות תחילת שכירות 1.8.2024 - אפשרות לפני ריקי פטל הצגת מספר טלפון תאריך יצירה: 27/06/2024 תאריך הקפצה אחרון: 27/06/2024 מצאתי טעות מקור המודעה:יד2",1,1,1,1,1,0,1,1,0,0,12000.0,10,4336.0
דירה,הגוש הגדול,שדרות לוי אשכול 69,3.0,5,102,12,,12,700,490,12,"שדרות לוי אשכול 69 9,000 ₪ הגוש הגדול, תל אביב יפו 3 חד' | 90 מ""ר | קומה 5 הוסף למועדפים שתף פרטי הנכס דירה אזור תל אביב עיר תל אביב יפו שכונה הגוש הגדול כתובת שדרות לוי אשכול 69 חדרים 3 מרפסות 1 קומה 5 מתוך 12 שטח בנוי 102 שטח גינה 12 תשלומים בשנה 12 ארנונה בחודש 700 ועד בית בחודש 490 מה יש בדירה על עמודים מרוהטת מזגן חניה ממ""ד מרפסת נגישות סורגים מעלית מחסן מרפסת שמש משופצת על האזור רחוב שדרות לוי אשכול שכונת הגוש הגדול תל אביב יפו למודעות ארכיון שפורסמו באזור דירת שלושה חדרים מרווחת מאוד 90 מטר + מרפסת גדולה, מיזוג מרכזי + חניה. בנוסף חדר ארונות צמוד לחדר השינה, מרפסת שירות לכביסה. במטבח יש תנור, כיריים ומדיח כלים. בחדרים יש בנוסף מאווררי תקרה דוד הצגת מספר טלפון תאריך יצירה: 27/06/2024 תאריך הקפצה אחרון: 27/06/2024 מצאתי טעות מקור המודעה:יד2",1,0,1,1,1,0,1,1,0,0,9000.0,9,4810.0
דירה,הגוש הגדול,שדרות לוי אשכול 63,4.5,2,125,10,,12,950,725,5,"שדרות לוי אשכול 63 12,500 ₪ הגוש הגדול, תל אביב יפו 4.5 חד' | 115 מ""ר | קומה 2 הוסף למועדפים שתף פרטי הנכס דירה אזור תל אביב עיר תל אביב יפו שכונה הגוש הגדול כתובת שדרות לוי אשכול 63 חדרים 4.5 מרפסות 1 קומה 2 מתוך 5 שטח בנוי 125 שטח גינה 10 תשלומים בשנה 12 ארנונה בחודש 950 ועד בית בחודש 725 מה יש בדירה על עמודים מרוהטת מזגן חניה ממ""ד מרפסת נגישות סורגים מעלית מחסן מרפסת שמש משופצת על האזור רחוב שדרות לוי אשכול שכונת הגוש הגדול תל אביב יפו למודעות ארכיון שפורסמו באזור מפרטי ללא תיווך. בנופי ים. 4.5 חדרים, מרווחת מאוד 115מ+10מ מרפסת. 3 כ.אוויר, שקטה מאוד, פונה לגינה(לא ללוי אשכול) מערבית. סלון גדול ומרווח במיוחד. סוויטת הורים גדולה עם חדר ארונות ומקלחת. סוויטה נוספת בכניסה לדירה עם מקלחת ושירותים צמודים. סה""כ 3 מקלחות ושירותים. בנוסף ל4 חדרים יש ממ""ד נעים וממוזג עם חלון, כחדר עבודה.2 חניות נפרדות ומחסן.ארונות קיר בכל הבית. סורגים שקופים בחלונות.8 דק הליכה לים פירוט ריהוט עדיפות לטווח ארוך. ניתן לשכור עם או בלי הציוד הבא: מקרר, מדיח,תנור, כיריים, מ.כביסה, מייבש, 2 טלוויזיות, ספה בסלון, פ.אוכל, שולחן מטבח וכסאות, מיטות וכונניות בחדרי הילדים, מזנון TV, מידוף בח.ארונות יוסי הצגת מספר טלפון תאריך יצירה: 26/06/2024 תאריך הקפצה אחרון: 26/06/2024 מצאתי טעות מקור המודעה:יד2",1,1,1,1,1,1,1,1,1,0,12500.0,10,4511.0
דירה,הגוש הגדול,שטרייכמן יחזקאל 18,4.0,2,130,0,0,12,1500,600,7,"שטרייכמן יחזקאל 18 12,600 ₪ הגוש הגדול, תל אביב יפו 4 חד' | 130 מ""ר | קומה 2 הוסף למועדפים שתף פרטי הנכס דירה אזור תל אביב עיר תל אביב יפו שכונה הגוש הגדול כתובת שטרייכמן יחזקאל 18 חדרים 4 מרפסות 1 קומה 2 מתוך 7 שטח בנוי 130 תאריך כניסה מיידית תשלומים בשנה 12 ארנונה בחודש 1500 ועד בית בחודש 600 מה יש בדירה על עמודים מרוהטת מזגן חניה ממ""ד מרפסת נגישות סורגים מעלית מחסן מרפסת שמש משופצת על האזור רחוב שטרייכמן יחזקאל שכונת הגוש הגדול תל אביב יפו למודעות ארכיון שפורסמו באזור דירה בשכונת נופי ים, צפון ת""א דירת 4 חדרים, קומה 2, כ-130 מטר. 2 חניות, מחסן. מאובזרת כיריים, גז וקולט אדים. אליעז הצגת מספר טלפון תאריך יצירה: 06/10/2022 תאריך הקפצה אחרון: 06/10/2022 מצאתי טעות",1,1,1,1,0,1,1,1,1,1,12600.0,4,4470.0
כללי,הגוש הגדול,ארתור רובינשטיין,5.0,9,250,0,0,12,,0,10,"ארתור רובינשטיין 25,500 ₪ הגוש הגדול, תל אביב יפו 5 חד' | 250 מ""ר | קומה 9 הוסף למועדפים שתף פרטי הנכס גג/ פנטהאוז אזור תל אביב עיר תל אביב יפו שכונה הגוש הגדול כתובת ארתור רובינשטיין חדרים 5 מרפסות 1 קומה 9 מתוך 10 שטח בנוי 250 תאריך כניסה מיידית תשלומים בשנה 12 מה יש בדירה על עמודים מרוהטת מזגן חניה ממ""ד מרפסת נגישות סורגים מעלית מחסן מרפסת שמש משופצת על האזור רחוב ארתור רובינשטיין שכונת הגוש הגדול תל אביב יפו למודעות ארכיון שפורסמו באזור להשכרה בשכונת נופי ים בצפון תל אביב. במרחק פסיעה מהים. מיני פנטהאוז מהמם, מושקע ומעוצב אדריכלית! דירה חדשה מהניילונים (לא גרו בנכס מעולם) -180 מ""ר בנוי+70 מ""ר מרפסת שמש. -5 חדרים (מתוכם 3 סוויטות מאסטר) -קומה גבוהה עם נוף פתוח לים. -3 כיווני אוויר: (מערב, צפון ומזרח) -בבניין בוטיק חדש. -סלון מאוד גדול ומרווח. -מטבח יפה ומשודרג עם אי גדול. -ריצוף פרקט עץ בכל הבית. -תריסי אור חשמליים. -2 חניות+מחסן מייקי קלינגר הצגת מספר טלפון תאריך יצירה: 27/06/2024 תאריך הקפצה אחרון: 27/06/2024 מודעה מתיווך מצאתי טעות מקור המודעה:יד2",1,1,1,1,1,0,1,1,0,1,25500.0,14,4724.0
דירה,הגוש הגדול,,4.5,1,112,0,,12,,0,9,"הגוש הגדול 12,500 ₪ הגוש הגדול, תל אביב יפו 4.5 חד' | 112 מ""ר | קומה 1 הוסף למועדפים שתף פרטי הנכס דירה אזור תל אביב עיר תל אביב יפו שכונה הגוש הגדול חדרים 4.5 מרפסות 1 קומה 1 מתוך 9 שטח בנוי 112 תשלומים בשנה 12 מה יש בדירה על עמודים מרוהטת מזגן חניה ממ""ד מרפסת נגישות סורגים מעלית מחסן מרפסת שמש משופצת על האזור שכונת הגוש הגדול תל אביב יפו למודעות ארכיון שפורסמו באזור במיקום מצויין . דירת 4.5 חדרים מושקעת עם נוף פתוח לים. מטבח משודרג ומרווח ,סוויטת הורים + מרפסת שמש 20 מ""ר עם נוף לים שי ששון הצגת מספר טלפון תאריך יצירה: 27/06/2024 תאריך הקפצה אחרון: 27/06/2024 מודעה מתיווך מצאתי טעות מקור המודעה:יד2",1,1,1,1,1,0,1,1,0,0,12500.0,2,4778.0
דירה,הגוש הגדול,,5.0,4,130,0,,12,1000,650,10,"הגוש הגדול 12,500 ₪ הגוש הגדול, תל אביב יפו 5 חד' | 130 מ""ר | קומה 4 הוסף למועדפים שתף פרטי הנכס דירה אזור תל אביב עיר תל אביב יפו שכונה הגוש הגדול חדרים 5 מרפסות 1 קומה 4 מתוך 10 שטח בנוי 130 תשלומים בשנה 12 ארנונה בחודש 1000 ועד בית בחודש 650 מה יש בדירה על עמודים מרוהטת מזגן חניה ממ""ד מרפסת נגישות סורגים מעלית מחסן מרפסת שמש משופצת על האזור שכונת הגוש הגדול תל אביב יפו למודעות ארכיון שפורסמו באזור בבניין חדיש בלמד החדשה. דירה נהדרת כחדשה!!! מערבית ,מוארת ביותר. מטבח עם איילנד ,סוויטת הורים גדולה ,מרפסת שמש יפיפיה כ 15 מ""ר. 2 חניות ומחסן שי ששון הצגת מספר טלפון תאריך יצירה: 27/06/2024 תאריך הקפצה אחרון: 27/06/2024 מודעה מתיווך מצאתי טעות מקור המודעה:יד2",1,1,1,1,1,0,1,1,0,0,12500.0,2,4778.0
דירה,הגוש הגדול,,5.0,5,149,0,,12,,0,8,"הגוש הגדול 17,000 ₪ הגוש הגדול, תל אביב יפו 5 חד' | 135 מ""ר | קומה 5 הוסף למועדפים שתף פרטי הנכס דירה אזור תל אביב עיר תל אביב יפו שכונה הגוש הגדול חדרים 5 מרפסות 1 קומה 5 מתוך 8 שטח בנוי 149 תשלומים בשנה 12 מה יש בדירה על עמודים מרוהטת מזגן חניה ממ""ד מרפסת נגישות סורגים מעלית מחסן מרפסת שמש משופצת על האזור שכונת הגוש הגדול תל אביב יפו למודעות ארכיון שפורסמו באזור בלמד החדשה, בבניין חדש ומבוקש, דירת 5 חדרים, 135 מ""ר+ 14 מ""ר מרפסת מערבית עם נוף לים! מטבח מושקע ומאובזר! פרקט בחדרים, נכס מהמם! שלי בכור הצגת מספר טלפון תאריך יצירה: 27/06/2024 תאריך הקפצה אחרון: 27/06/2024 מודעה מתיווך מצאתי טעות מקור המודעה:יד2",1,1,1,1,1,0,1,1,0,1,17000.0,4,4778.0
דירה,הגוש הגדול,,5.0,6,150,0,,12,,0,7,"הגוש הגדול 16,000 ₪ הגוש הגדול, תל אביב יפו 5 חד' | 150 מ""ר | קומה 6 הוסף למועדפים שתף פרטי הנכס דירה אזור תל אביב עיר תל אביב יפו שכונה הגוש הגדול חדרים 5 מרפסות 1 קומה 6 מתוך 7 שטח בנוי 150 תשלומים בשנה 12 מה יש בדירה על עמודים מרוהטת מזגן חניה ממ""ד מרפסת נגישות סורגים מעלית מחסן מרפסת שמש משופצת על האזור שכונת הגוש הגדול תל אביב יפו למודעות ארכיון שפורסמו באזור בנופי יפ הגוש הגדול 5חד מרווחת +מרפסת שמש יפה ומוארת מטבח מאבזר בכל מוצרי החשמל חד יפים 3 שרותים 2 חדרי רחצה מרווחים 2 חניות פירוט ריהוט ריהוט קומפלט ארונות בחדרים +חדר ארונות כל מוצרי החשמל תנור גז מדיח מקרר מכונת כביסב מייבש מיטות ריהוט גן במרפסת נדל""ן נוף ים- סיגל לוי הצגת מספר טלפון תאריך יצירה: 27/06/2024 תאריך הקפצה אחרון: 27/06/2024 מודעה מתיווך מצאתי טעות מקור המודעה:יד2",1,0,1,1,1,0,1,1,1,1,16000.0,9,4778.0
דירה,הגוש הגדול,,4.0,4,110,0,,1,900,550,9,"הגוש הגדול 10,900 ₪ הגוש הגדול, תל אביב יפו 4 חד' | 110 מ""ר | קומה 4 הוסף למועדפים שתף פרטי הנכס דירה אזור תל אביב עיר תל אביב יפו שכונה הגוש הגדול חדרים 4 מרפסות 1 קומה 4 מתוך 9 שטח בנוי 110 תשלומים בשנה 1 ארנונה בחודש 900 ועד בית בחודש 550 מה יש בדירה על עמודים מרוהטת מזגן חניה ממ""ד מרפסת נגישות סורגים מעלית מחסן מרפסת שמש משופצת על האזור שכונת הגוש הגדול תל אביב יפו למודעות ארכיון שפורסמו באזור להשכרה בלמד החדשה רחוב יהודה עמיחי דירת 4 חדרים ממ״ד, מאסטר 110 מ""ר בנוי 14 מ""ר מרפסת קומה גבוהה מזרח, דרום ומערב שחר טל זכיין קלר וויליאמס תל אביב הצגת מספר טלפון תאריך יצירה: 27/06/2024 תאריך הקפצה אחרון: 27/06/2024 מודעה מתיווך מצאתי טעות מקור המודעה:יד2",1,1,1,1,0,0,1,1,0,0,10900.0,4,4778.0
דירה,הגוש הגדול,אמיר גלבוע,5.0,4,140,0,0,12,,0,6,"אמיר גלבוע 14,900 ₪ הגוש הגדול, תל אביב יפו 5 חד' | 120 מ""ר | קומה 4 הוסף למועדפים שתף פרטי הנכס דירה אזור תל אביב עיר תל אביב יפו שכונה הגוש הגדול כתובת אמיר גלבוע חדרים 5 מרפסות 2 קומה 4 מתוך 6 שטח בנוי 140 תאריך כניסה מיידית תשלומים בשנה 12 מה יש בדירה על עמודים מרוהטת מזגן חניה ממ""ד מרפסת נגישות סורגים מעלית מחסן מרפסת שמש משופצת על האזור רחוב אמיר גלבוע שכונת הגוש הגדול תל אביב יפו למודעות ארכיון שפורסמו באזור מיקום מבוקש. מהממת. מוארת (פונה לדרום מזרח) ענקית. מרפסת ענקית 20 מ""ר 2 חניות. מחסן. בניין חדש ומעוצב. כדי להזדרז! פירוט ריהוט יימסר ריהוט מטבח חדש: כיריים, תנור, מדיח כלים. צביקה בר הצגת מספר טלפון תאריך יצירה: 27/06/2024 תאריך הקפצה אחרון: 27/06/2024 מודעה מתיווך מצאתי טעות מקור המודעה:יד2",1,1,1,1,1,0,1,1,1,1,14900.0,5,4680.0
דירה,הגוש הגדול,,4.0,2,110,0,,12,,0,7,"הגוש הגדול 10,400 ₪ הגוש הגדול, תל אביב יפו 4 חד' | 100 מ""ר | קומה 2 הוסף למועדפים שתף פרטי הנכס דירה אזור תל אביב עיר תל אביב יפו שכונה הגוש הגדול חדרים 4 מרפסות 1 קומה 2 מתוך 7 שטח בנוי 110 תשלומים בשנה 12 מה יש בדירה על עמודים מרוהטת מזגן חניה ממ""ד מרפסת נגישות סורגים מעלית מחסן מרפסת שמש משופצת על האזור שכונת הגוש הגדול תל אביב יפו למודעות ארכיון שפורסמו באזור להשכרה בנופי ים במרחק הליכה מהים ומקניון רמת אביב!! דירת 4 חדרים + מרפסת!! כ100 מ""ר בנוי כ10 מ""ר מרפסת 2 חניות לפרטים תומר הצגת מספר טלפון תאריך יצירה: 26/06/2024 תאריך הקפצה אחרון: 26/06/2024 מודעה מתיווך מצאתי טעות מקור המודעה:יד2",1,0,1,1,1,0,1,1,0,0,10400.0,1,4778.0
דירה,הגוש הגדול,אמיר גלבוע,5.0,4,140,0,0,12,,690,6,"אמיר גלבוע 15,000 ₪ הגוש הגדול, תל אביב יפו 5 חד' | 120 מ""ר | קומה 4 הוסף למועדפים שתף פרטי הנכס דירה אזור תל אביב עיר תל אביב יפו שכונה הגוש הגדול כתובת אמיר גלבוע חדרים 5 מרפסות 1 קומה 4 מתוך 6 שטח בנוי 140 תאריך כניסה מיידית תשלומים בשנה 12 ועד בית בחודש 690 מה יש בדירה על עמודים מרוהטת מזגן חניה ממ""ד מרפסת נגישות סורגים מעלית מחסן מרפסת שמש משופצת על האזור רחוב אמיר גלבוע שכונת הגוש הגדול תל אביב יפו למודעות ארכיון שפורסמו באזור במיקום מעולה בבניין חדש בנופי ים דירת 5 חדרים גדולה.יש 3 שירותים.חדר שינה מאסטר ועוד אמבטיה .הדירה היא 120 מר ומרפסת שמש של 20 מר.2 חניות ומחסן. אפשר לטווח ארוך אביבית הצגת מספר טלפון תאריך יצירה: 25/06/2024 תאריך הקפצה אחרון: 25/06/2024 מודעה מתיווך מצאתי טעות מקור המודעה:יד2",1,0,1,1,1,0,1,1,0,0,15000.0,6,4680.0
דירה,הגוש הגדול,,4.0,3,143,0,,12,1000,650,8,"הגוש הגדול 12,490 ₪ הגוש הגדול, תל אביב יפו 4 חד' | 143 מ""ר | קומה 3 הוסף למועדפים שתף פרטי הנכס דירה אזור תל אביב עיר תל אביב יפו שכונה הגוש הגדול חדרים 4 מרפסות 1 קומה 3 מתוך 8 שטח בנוי 143 תשלומים בשנה 12 ארנונה בחודש 1000 ועד בית בחודש 650 מה יש בדירה על עמודים מרוהטת מזגן חניה ממ""ד מרפסת נגישות סורגים מעלית מחסן מרפסת שמש משופצת על האזור שכונת הגוש הגדול תל אביב יפו למודעות ארכיון שפורסמו באזור להשכרה בגוש הגדול -4 חד -120 מר + 23 מר מרפסת שמש מהממת , מעוצבת אדרכלית ברמה ,כולל מטבח מושקע עם אי - נוף לקאנטרי . כולל 2 תת קרקעיות . לטווח ארוך. לפרטים נוספים גיא פירוט ריהוט גופי תאורה בכל הבית ,מערכת סראונד,מושקעת,כיירים ,תנור,מדיח. ארונות איחסון . + אופציה לרכוש ריהוט נוסף מהדייר היוצא. גיא יעקובי הצגת מספר טלפון תאריך יצירה: 25/06/2024 תאריך הקפצה אחרון: 25/06/2024 מודעה מתיווך מצאתי טעות מקור המודעה:יד2",1,0,1,1,1,1,1,1,1,1,12490.0,10,4778.0
דירה,הגוש הגדול,מרק שגאל   5,5.0,2,125,0,0,12,1000,520,7,"מרק שגאל 5 11,000 ₪ הגוש הגדול, תל אביב יפו 5 חד' | 125 מ""ר | קומה 2 הוסף למועדפים שתף פרטי הנכס דירה אזור תל אביב עיר תל אביב יפו שכונה הגוש הגדול כתובת מרק שגאל 5 חדרים 5 מרפסות 1 קומה 2 מתוך 7 שטח בנוי 125 תאריך כניסה מיידית תשלומים בשנה 12 ארנונה בחודש 1000 ועד בית בחודש 520 מה יש בדירה על עמודים מרוהטת מזגן חניה ממ""ד מרפסת נגישות סורגים מעלית מחסן מרפסת שמש משופצת על האזור שכונת הגוש הגדול תל אביב יפו למודעות ארכיון שפורסמו באזור רחוב: מרק שגאל שכונה: הגוש הגדול דירה של 5 חדרים,כ - 125 מטר, עם יציאה למרפסת שמש של 13 מטר רואים ים.. סלון עם מטבח פתוח,פלוס פינת אוכל. חדר רופא,עם שרותי צמודים. חדרי שינה עם מזגנים. אמבטיה ושרותים,עם יציאה למרפסת שרות. יח' הורים עם חדר ארונות צמוד. שקטה ויפה. בניין עם קודן,ואינטרקום. חניה כפולה,ומחסן. כניסה: 1.2.2023 שי הצגת מספר טלפון תאריך יצירה: 30/12/2022 תאריך הקפצה אחרון: 31/01/2023 מודעה מתיווך היסטוריית מחירים 03/01/2023 11,000 ₪ 30/12/2022 11,200 ₪ מצאתי טעות",1,1,1,1,0,0,1,1,0,1,11000.0,2,4930.0
דירה,הגוש הגדול,שגאל מרק 3,5.5,8,125,0,0,12,1200,250,10,"שגאל מרק 3 11,200 ₪ הגוש הגדול, תל אביב יפו 5.5 חד' | 125 מ""ר | קומה 8 הוסף למועדפים שתף פרטי הנכס דירה אזור תל אביב עיר תל אביב יפו שכונה הגוש הגדול כתובת שגאל מרק 3 חדרים 5.5 מרפסות 1 קומה 8 מתוך 10 שטח בנוי 125 תאריך כניסה מיידית תשלומים בשנה 12 ארנונה בחודש 1200 ועד בית בחודש 250 מה יש בדירה על עמודים מרוהטת מזגן חניה ממ""ד מרפסת נגישות סורגים מעלית מחסן מרפסת שמש משופצת על האזור רחוב שגאל מרק שכונת הגוש הגדול תל אביב יפו למודעות ארכיון שפורסמו באזור שכונה: הגוש הגדול דירה של 5 חדרים,כ - 125 מטר, עם יציאה למרפסת שמש של 13 מטר רואים ים.. סלון עם מטבח פתוח,פלוס פינת אוכל. חדר רופא,עם שרותי צמודים. חדרי שינה עם מזגנים. אמבטיה ושרותים,עם יציאה למרפסת שרות. יח' הורים עם חדר ארונות צמוד. שקטה ויפה. בניין עם קודן,ואינטרקום. חניה כפולה,ומחסן. כניסה: 1.2.2023 שי הצגת מספר טלפון תאריך יצירה: 30/12/2022 תאריך הקפצה אחרון: 15/01/2023 מודעה מתיווך מצאתי טעות",1,0,1,1,0,0,1,1,0,1,11200.0,8,4959.0
דירה,הגוש הגדול,מרק שגאל  5,5.0,2,125,0,0,12,1000,520,5,"מרק שגאל 5 11,200 ₪ הגוש הגדול, תל אביב יפו 5 חד' | 125 מ""ר | קומה 2 הוסף למועדפים שתף פרטי הנכס דירה אזור תל אביב עיר תל אביב יפו שכונה הגוש הגדול כתובת מרק שגאל 5 חדרים 5 מרפסות 1 קומה 2 מתוך 5 שטח בנוי 125 תאריך כניסה מיידית תשלומים בשנה 12 ארנונה בחודש 1000 ועד בית בחודש 520 מה יש בדירה על עמודים מרוהטת מזגן חניה ממ""ד מרפסת נגישות סורגים מעלית מחסן מרפסת שמש משופצת על האזור שכונת הגוש הגדול תל אביב יפו למודעות ארכיון שפורסמו באזור שכונה: הגוש הגדול דירה של 5 חדרים,כ - 125 מטר, עם יציאה למרפסת שמש של 13 מטר רואים ים.. סלון עם מטבח פתוח,פלוס פינת אוכל. חדר רופא,עם שרותי צמודים. חדרי שינה עם מזגנים. אמבטיה ושרותים,עם יציאה למרפסת שרות. יח' הורים עם חדר ארונות צמוד. שקטה ויפה. בניין עם קודן,ואינטרקום. חניה כפולה,ומחסן. כניסה: 1.2.2023 תווך נכסים בתל אביב הצגת מספר טלפון תאריך יצירה: 30/12/2022 תאריך הקפצה אחרון: 30/12/2022 מודעה מתיווך מצאתי טעות",1,1,1,1,0,0,1,1,0,1,11200.0,4,4930.0
דירה,הגוש הגדול,שטרייכמן יחזקאל 9,3.0,2,78,0,0,12,999,350,8,"שטרייכמן יחזקאל 9 9,800 ₪ הגוש הגדול, תל אביב יפו 3 חד' | 78 מ""ר | קומה 2 הוסף למועדפים שתף פרטי הנכס דירה אזור תל אביב עיר תל אביב יפו שכונה הגוש הגדול כתובת שטרייכמן יחזקאל 9 חדרים 3 מרפסות 1 קומה 2 מתוך 8 שטח בנוי 78 תאריך כניסה מיידית תשלומים בשנה 12 ארנונה בחודש 999 ועד בית בחודש 350 מה יש בדירה על עמודים מרוהטת מזגן חניה ממ""ד מרפסת נגישות סורגים מעלית מחסן מרפסת שמש משופצת על האזור רחוב שטרייכמן יחזקאל שכונת הגוש הגדול תל אביב יפו למודעות ארכיון שפורסמו באזור 3 חדרים, משופצת חדשה מקסימה כ -78 מטר,סלון עם מטבח פתוח. יציאה למרפסת שמש של 12 מטר. פלוס פינת עבודה. שתי חדרי מסטר הורים עם מקלחת ושרותים. 4 כוון אויר. מרוהטת מלא. איכותית ויפה. שתי חניות,מחסן,ומעלית. כניסה מידית. תווך נכסים בתל אביב הצגת מספר טלפון תאריך יצירה: 06/11/2022 תאריך הקפצה אחרון: 06/11/2022 מודעה מתיווך מצאתי טעות",1,0,1,1,0,0,1,1,0,1,9800.0,4,4739.0
דירה,הגוש הגדול,שטרייכמן יחזקאל 4,3.0,4,78,0,0,12,1000,350,8,"שטרייכמן יחזקאל 4 9,500 ₪ הגוש הגדול, תל אביב יפו 3 חד' | 78 מ""ר | קומה 4 הוסף למועדפים שתף פרטי הנכס דירה אזור תל אביב עיר תל אביב יפו שכונה הגוש הגדול כתובת שטרייכמן יחזקאל 4 חדרים 3 מרפסות 1 קומה 4 מתוך 8 שטח בנוי 78 תאריך כניסה מיידית תשלומים בשנה 12 ארנונה בחודש 1000 ועד בית בחודש 350 מה יש בדירה על עמודים מרוהטת מזגן חניה ממ""ד מרפסת נגישות סורגים מעלית מחסן מרפסת שמש משופצת על האזור רחוב שטרייכמן יחזקאל שכונת הגוש הגדול תל אביב יפו למודעות ארכיון שפורסמו באזור שכונת: גוש הגדול דירה של 3 חדרים, משופצת חדשה מקסימה כ -78 מטר,סלון עם מטבח פתוח. יציאה למרפסת שמש של 12 מטר. פלוס פינת עבודה. שתי חדרי מסטר הורים עם מקלחת ושרותים. 4 כוון אויר. מרוהטת מלא. איכותית ויפה. שתי חניות,מחסן,ומעלית. כניסה מידית. תווך נכסים בתל אביב הצגת מספר טלפון תאריך יצירה: 02/11/2022 תאריך הקפצה אחרון: 02/11/2022 מודעה מתיווך מצאתי טעות",1,0,1,1,0,0,1,1,1,1,9500.0,8,4770.0
דירה,הגוש הגדול,גלבוע אמיר 4,5.0,4,1,0,0,12,1000,500,9,"גלבוע אמיר 4 15,800 ₪ הגוש הגדול, תל אביב יפו 5 חד' | 1 מ""ר | קומה 4 הוסף למועדפים שתף פרטי הנכס דירה אזור תל אביב עיר תל אביב יפו שכונה הגוש הגדול כתובת גלבוע אמיר 4 חדרים 5 מרפסות 2 קומה 4 מתוך 9 שטח בנוי 1 תאריך כניסה מיידית תשלומים בשנה 12 ארנונה בחודש 1000 ועד בית בחודש 500 מה יש בדירה על עמודים מרוהטת מזגן חניה ממ""ד מרפסת נגישות סורגים מעלית מחסן מרפסת שמש משופצת על האזור רחוב גלבוע אמיר שכונת הגוש הגדול תל אביב יפו למודעות ארכיון שפורסמו באזור רחוב: אמיר גלבוע שכונה: נוף ים דירה של 5 חדרים,כ- 135 מטר,עם יציאה למרפסת שמש גדולה של 16,רואים ים חדרי שינה עם מזגנים. 4 כוון אויר. סלון עם מטבח פתוח,פלוס פינת אוכל. מוצרי חשמל במטבח יהיו חדשים. יח' הורים גדולה ארבע שירותים, שתי חדרי מאסטר. חניות פרטיות,ומחסן. כניסה מידית. תווך נכסים בתל אביב הצגת מספר טלפון תאריך יצירה: 19/10/2022 תאריך הקפצה אחרון: 19/10/2022 מודעה מתיווך מצאתי טעות",1,0,1,1,0,0,0,1,0,1,15800.0,8,796.0
דירה,הגוש הגדול,שטרייכמן יחזקאל 16,4.0,4,115,0,0,12,1900,360,7,"שטרייכמן יחזקאל 16 11,000 ₪ הגוש הגדול, תל אביב יפו 4 חד' | 115 מ""ר | קומה 4 הוסף למועדפים שתף פרטי הנכס דירה אזור תל אביב עיר תל אביב יפו שכונה הגוש הגדול כתובת שטרייכמן יחזקאל 16 חדרים 4 מרפסות 1 קומה 4 מתוך 7 שטח בנוי 115 תאריך כניסה מיידית תשלומים בשנה 12 ארנונה בחודש 1900 ועד בית בחודש 360 מה יש בדירה על עמודים מרוהטת מזגן חניה ממ""ד מרפסת נגישות סורגים מעלית מחסן מרפסת שמש משופצת על האזור רחוב שטרייכמן יחזקאל שכונת הגוש הגדול תל אביב יפו למודעות ארכיון שפורסמו באזור רחוב: יחזקאל שטרייכמן שכונה: הגוש הגודל דירה של 4 חדרים,כ - 115 מטר,עם יציאה למרפסת שמש של 13 מטר כוון אויר: מזרח דרום. פלוס פינת אוכל. יח' הורים מפנקת עם חדר ארונות. מקלחת ושרותים כפולים. נוף פתוח לכל השכונה, רואים קצת ירוק מכל חלון. חניה כפולה,מעלית,ומחסן. כניסה מידית תווך נכסים בתל אביב הצגת מספר טלפון תאריך יצירה: 16/08/2022 תאריך הקפצה אחרון: 16/08/2022 מודעה מתיווך מצאתי טעות",1,1,1,1,0,0,1,1,0,1,11000.0,11,4541.0
דירה,הגוש הגדול,שטרייכמן יחזקאל 9,4.0,4,115,0,0,12,1900,6300,8,"שטרייכמן יחזקאל 9 11,500 ₪ הגוש הגדול, תל אביב יפו 4 חד' | 115 מ""ר | קומה 4 הוסף למועדפים שתף פרטי הנכס דירה אזור תל אביב עיר תל אביב יפו שכונה הגוש הגדול כתובת שטרייכמן יחזקאל 9 חדרים 4 מרפסות 1 קומה 4 מתוך 8 שטח בנוי 115 תאריך כניסה מיידית תשלומים בשנה 12 ארנונה בחודש 1900 ועד בית בחודש 6300 מה יש בדירה על עמודים מרוהטת מזגן חניה ממ""ד מרפסת נגישות סורגים מעלית מחסן מרפסת שמש משופצת על האזור רחוב שטרייכמן יחזקאל שכונת הגוש הגדול תל אביב יפו למודעות ארכיון שפורסמו באזור רחוב: יחזקאל שטרייכמן שכונה: הגוש הגודל דירה של 4 חדרים,כ - 115 מטר,עם יציאה למרפסת שמש של 13 מטר כוון אויר: מזרח דרום. פלוס פינת אוכל. יח' הורים מפנקת עם חדר ארונות. מקלחת ושרותים כפולים. נוף פתוח לכל השכונה, רואים קצת ירוק מכל חלון. חניה כפולה,מעלית,ומחסן. כניסה: 15.08.2022 תווך נכסים בתל אביב הצגת מספר טלפון תאריך יצירה: 25/07/2022 תאריך הקפצה אחרון: 25/07/2022 מודעה מתיווך מצאתי טעות",1,1,1,1,0,0,1,1,0,1,11500.0,7,4739.0
דירה,הגוש הגדול,שטרייכמן יחזקאל 9,4.0,4,115,0,0,12,1900,630,7,"שטרייכמן יחזקאל 9 12,500 ₪ הגוש הגדול, תל אביב יפו 4 חד' | 115 מ""ר | קומה 4 הוסף למועדפים שתף פרטי הנכס דירה אזור תל אביב עיר תל אביב יפו שכונה הגוש הגדול כתובת שטרייכמן יחזקאל 9 חדרים 4 מרפסות 1 קומה 4 מתוך 7 שטח בנוי 115 תאריך כניסה מיידית תשלומים בשנה 12 ארנונה בחודש 1900 ועד בית בחודש 630 מה יש בדירה על עמודים מרוהטת מזגן חניה ממ""ד מרפסת נגישות סורגים מעלית מחסן מרפסת שמש משופצת על האזור רחוב שטרייכמן יחזקאל שכונת הגוש הגדול תל אביב יפו למודעות ארכיון שפורסמו באזור 4 חדרים,כ - 115 מטר,עם יציאה למרפסת שמש של 13 מטר כוון אויר: מזרח דרום. פלוס פינת אוכל. יח' הורים מפנקת עם חדר ארונות. מקלחת ושרותים כפולים. נוף פתוח לכל השכונה, רואים קצת ירוק מכל חלון. חניה כפולה,מעלית,ומחסן. כניסה מידית. תווך נכסים בתל אביב הצגת מספר טלפון תאריך יצירה: 20/07/2022 תאריך הקפצה אחרון: 20/07/2022 מודעה מתיווך מצאתי טעות",1,1,1,1,0,0,0,1,0,1,12500.0,6,4739.0
דירה,הגוש הגדול,שטרייכמן יחזקאל 9,4.0,4,110,0,,12,1900,630,6,"שטרייכמן יחזקאל 9 12,500 ₪ הגוש הגדול, תל אביב יפו 4 חד' | 110 מ""ר | קומה 4 הוסף למועדפים שתף פרטי הנכס דירה אזור תל אביב עיר תל אביב יפו שכונה הגוש הגדול כתובת שטרייכמן יחזקאל 9 חדרים 4 מרפסות 1 קומה 4 מתוך 6 שטח בנוי 110 תשלומים בשנה 12 ארנונה בחודש 1900 ועד בית בחודש 630 מה יש בדירה על עמודים מרוהטת מזגן חניה ממ""ד מרפסת נגישות סורגים מעלית מחסן מרפסת שמש משופצת על האזור רחוב שטרייכמן יחזקאל שכונת הגוש הגדול תל אביב יפו למודעות ארכיון שפורסמו באזור רחוב: ויסוצקי סמוך לכיכר המדינה דירה של 3.5 חדרים, כ - 110 מטר מרווחת ומסודרת סלון עם פינת עובדה פלוס פינת אוכל. מטבח נפרד. מקלחת ושורתים ביחד,בנוסף עוד שרותים נטו. חדרי שינה עם מזגנים,פלוס פרקט, עם שתי כוון אויר. בניין עם אינטרקום וקודן.עבר שיפוץ לא מזמן. חניה פרטית,מעלית. מתאימה למשפחה קטנה,זוג. כניסה מידית. תווך נכסים בתל אביב הצגת מספר טלפון תאריך יצירה: 20/07/2022 תאריך הקפצה אחרון: 20/07/2022 מודעה מתיווך מצאתי טעות",1,1,1,1,0,0,1,1,0,1,12500.0,3,4739.0
דירה,הגוש הגדול,גלבוע אמיר 14,4.5,7,120,0,0,12,900,550,9,"גלבוע אמיר 14 12,000 ₪ הגוש הגדול, תל אביב יפו 4.5 חד' | 120 מ""ר | קומה 7 הוסף למועדפים שתף פרטי הנכס דירה אזור תל אביב עיר תל אביב יפו שכונה הגוש הגדול כתובת גלבוע אמיר 14 חדרים 4.5 מרפסות 1 קומה 7 מתוך 9 שטח בנוי 120 תאריך כניסה מיידית תשלומים בשנה 12 ארנונה בחודש 900 ועד בית בחודש 550 מה יש בדירה על עמודים מרוהטת מזגן חניה ממ""ד מרפסת נגישות סורגים מעלית מחסן מרפסת שמש משופצת על האזור רחוב גלבוע אמיר שכונת הגוש הגדול תל אביב יפו למודעות ארכיון שפורסמו באזור במיקום אטרקטיבי עם חזית לים, דירה ענקית, מאובזרת ומרוהטת לכניסה מיידית. 2 חניות תת קרקעיות, בניין שמור ומטופח, 2 מעליות, לכניסה מיידית פירוט ריהוט מטבח מאובזר במלואו, סלון כולל טלויזיה, מיטות בחדרים דרור הצגת מספר טלפון תאריך יצירה: 03/03/2022 תאריך הקפצה אחרון: 03/03/2022 מודעה מתיווך מצאתי טעות",1,0,1,1,1,0,1,1,1,1,12000.0,0,2952.0
